ID	FIRST_NAME	LAST_NAME	M_PHONE	EMAIL	JOBS	SALARY	STREET	HOUSE	FLAT	PHONE	CITY_NAME	COUNTRY_NAME	COUNTRY_CODE	REGION_NAME	CONTINENT_NAME
50	Urania	Newman	2475111	Urania_Newman@mail.ru	Seller	4630	Tooilowtz	133		8041678	Awqegrjmvty	Mauritania	MRT	Western Africa	Africa
51	Hortense	Janssen	8185524	Hortense_Janssen@tut.by	Accountant	3640	Bvoygbmfl	76	79	5532984	Anpz	Singapore	SGP	South-Eastern Asia	Asia
52	Iris	Abeles	1475695	Iris_Abeles@mail.ru	Assistant	2690	Jhltscte	152	249	1179220	Isssyspcbnj	British Virgin Islands	VGB	Caribbean	Latin America and the Caribbean
53	Marwin	Taylor	8348067	Marwin_Taylor@tut.by	Security guard	2740	Klbzpncimu	111	201	4753491	Rqvwsxdpfvlcvia	United States of America	USA	Northern America	Northern America
54	Eric	Zimmer	7652084	Eric_Zimmer@gmail.com	Assistant	2090	Uhwmsucilpskd	14	167	6900649	Frvybvudwo	Mongolia	MNG	Eastern Asia	Asia
55	Ruth	Coe	1627259	Ruth_Coe@yandex.ru	Assistant	2370	Qhqcrmpkiewky	93	204	7491129	Oaevtqaaplcdgcuvb	Tajikistan	TJK	Central Asia	Asia
56	Dylan	Ferris	7814679	Dylan_Ferris@gmail.com	Seller	4390	Kqabizuhsiwc	110	206	6002356	Pozsmv	Suriname	SUR	South America	Latin America and the Caribbean
57	Devona	Kahn	5394783	Devona_Kahn@yandex.ru	Assistant	2220	Nxkscxnau	33	354	8794874	Kemtpccjgorlyiw	Denmark	DNK	Northern Europe	Europe
58	Ramona	Krishnan	9596206	Ramona_Krishnan@email.net	Assistant	2000	Lnbebyyeadlgh	84		3493444	Atmgirkeu	Dominican Republic	DOM	Caribbean	Latin America and the Caribbean
59	Leta	Saintclair	1011794	Leta_Saintclair@email.net	Assistant	2300	Sdaunbi	167	128	9605945	Wrrjewylmeyxk	Greece	GRC	Southern Europe	Europe
60	Viola	Barry	4397902	Viola_Barry@mail.ru	Seller	5010	Vpewwyfmtmc	26	26	3415924	Otexcz	Philippines	PHL	South-Eastern Asia	Asia
61	Haywood	Linoff	9812014	Haywood_Linoff@email.net	Manager	4910	Qpdperfmjiztw	116	227	2788976	Nsivnehhhomakxcbv	Comoros	COM	Eastern Africa	Africa
62	Regan	Dowd	9962245	Regan_Dowd@email.net	Seller	3570	Jcrxosxpuqarqiv	53	227	7400992	Vmtnwivyzucmeqtbik	Burundi	BDI	Eastern Africa	Africa
63	Poppy	Chin	1967561	Poppy_Chin@email.net	Assistant	2350	Ztjnbjfgry	93	206	8063063	Srffgtipda	Jersey	JEY	Northern Europe	Europe
64	Calandra	Fenton	6200064	Calandra_Fenton@yandex.ru	Seller	4430	Zzgeritfkwu	142	166	1195682	Rmmdhrtuvvhkrcl	Tokelau	TKL	Polynesia	Oceania
65	Wynne	Sizemore	3516965	Wynne_Sizemore@tut.by	Accountant	3100	Ecspuorxovdvhwil	3		2834560	Yladysyvdkw	Ethiopia	ETH	Eastern Africa	Africa
66	Theresa	Krishnan	6804747	Theresa_Krishnan@email.net	Manager	5010	Vuegwvuuw	155	328	9219786	Lwbxbrvqrhkfq	Colombia	COL	South America	Latin America and the Caribbean
67	Frankie	Zoldos	4525756	Frankie_Zoldos@yandex.ru	Seller	3100	Pkbnnefbofhixltkhm	14	110	8152505	Evdzctgrucrr	Poland	POL	Eastern Europe	Europe
68	Cassandra	Wilbur	6745312	Cassandra_Wilbur@tut.by	Assistant	2200	Azqanbutbeyjedhbpv	165	164	1425953	Szcohzcpnbncejbtjh	Viet Nam	VNM	South-Eastern Asia	Asia
69	Misha	Carbery	9709231	Misha_Carbery@gmail.com	Security guard	2630	Lmvexoqnukcs	64	61	4111752	Nztdmjp	The former Yugoslav Republic of Macedonia	MKD	Southern Europe	Europe
70	Tesia	Pinkston	6266888	Tesia_Pinkston@yandex.ru	Assistant	2450	Dfgyuoaq	66	68	1086463	Qobonrmkkpozivco	Austria	AUT	Western Europe	Europe
71	Fredie	Yoon	6345653	Fredie_Yoon@tut.by	Assistant	2710	Gyqnboymfooor	49	242	2648378	Wrkztgcumtdajfnbrv	Honduras	HND	Central America	Latin America and the Caribbean
72	Anand	Litefoote	1413967	Anand_Litefoote@mail.ru	Seller	3680	Jzficbfl	122	255	3617927	Nuefsslwaahupb	Samoa	WSM	Polynesia	Oceania
73	Chitra	Figgens	4098069	Chitra_Figgens@gmail.com	Seller	4670	Wozvm	112		3488379	Rjvembvvwkbpvglouz	Estonia	EST	Northern Europe	Europe
74	Theron	Dickens	2535651	Theron_Dickens@mail.ru	Seller	2860	Jibqrjsijmbfi	30	52	7329000	Nztdmjp	The former Yugoslav Republic of Macedonia	MKD	Southern Europe	Europe
75	Fredie	Nickols	4424492	Fredie_Nickols@mail.ru	Accountant	4460	Uanupezxraz	17	18	3445246	Hywliw	Occupied Palestinian Territory	PSE	Western Asia	Asia
76	Eugene	Bhagwat	2784299	Eugene_Bhagwat@mail.ru	Assistant	2430	Cljnitbfceylnwft	154	117	1402640	Dyikurhy	Thailand	THA	South-Eastern Asia	Asia
77	Emery	Barbee	9905551	Emery_Barbee@gmail.com	Accountant	3890	Tyagxkapruz	135	163	2171612	Tlkyflaaloelkit	Bonaire, Saint Eustatius and Saba	BES	Caribbean	Latin America and the Caribbean
78	Herbert	Niu	5219062	Herbert_Niu@email.net	Security guard	2030	Qnqluemun	65	22	2037106	Qwcajwq	Saint Helena	SHN	Western Africa	Africa
79	Hal	Spence	8152178	Hal_Spence@yandex.ru	Security guard	2740	Kzbjofjumhlmbdxdo	66	304	4058003	Ottcfsza	Nicaragua	NIC	Central America	Latin America and the Caribbean
80	Shiby	Farrell	1543891	Shiby_Farrell@mail.ru	Seller	3230	Dinm	117	310	6422691	Ygwhfhvgzzcqzhudsx	Dominica	DMA	Caribbean	Latin America and the Caribbean
81	Yola	Ruddle	9769827	Yola_Ruddle@tut.by	Assistant	2280	Cdjrrfkpxnvlbhase	135	236	6797865	Ymayacnhyixy	Guam	GUM	Micronesia	Oceania
82	Samuel	Leary	9424517	Samuel_Leary@mail.ru	Manager	5040	Fbelcljwugforxem	132	98	8222476	Hfvcwvobi	Greece	GRC	Southern Europe	Europe
83	Brayden	Faulk	9357195	Brayden_Faulk@gmail.com	Assistant	2160	Cxmfztruske	31	200	6448877	Mtvbalfzvti	Vanuatu	VUT	Melanesia	Oceania
84	Belle	Myczkowski	8809181	Belle_Myczkowski@yandex.ru	Security guard	2390	Wkojgvfhw	176	71	3316704	Qssbwmiprpsyak	Egypt	EGY	Northern Africa	Africa
85	Blenda	Lipp	9654762	Blenda_Lipp@gmail.com	Security guard	2650	Rvijxtmxjrwcx	43	211	8236986	Uutrwgtcsu	Faeroe Islands	FRO	Northern Europe	Europe
86	Elmo	Shea	3499664	Elmo_Shea@tut.by	Seller	3920	Etaqjx	143	252	9650576	Dqgtssqkswga	Lebanon	LBN	Western Asia	Asia
87	Kayla	James	4243286	Kayla_James@yandex.ru	Security guard	2220	Wcqt	138	83	6071272	Xfmawiojkk	Chad	TCD	Middle Africa	Africa
88	Vivian	Fisher	4068009	Vivian_Fisher@yandex.ru	Manager	4670	Jpvtux	22	50	7222035	Bnujzsmjmnjx	Republic of Moldova	MDA	Eastern Europe	Europe
89	Emil	Nicholo	3358302	Emil_Nicholo@mail.ru	Seller	2860	Ilnb	77	187	1125532	Nqiv	Democratic Republic of the Congo	COD	Middle Africa	Africa
90	Torrance	Seto	8514165	Torrance_Seto@yandex.ru	Assistant	2090	Hzqcjjrnrrqozjaz	110	177	9494573	Jwkhruxvbv	Netherlands	NLD	Western Europe	Europe
91	Joe	Daily	6952241	Joe_Daily@yandex.ru	Seller	4180	Hsgchswdag	32	293	4350616	Swbpwbjdhkdtb	United Arab Emirates	ARE	Western Asia	Asia
92	Gene	Barnes	6977522	Gene_Barnes@yandex.ru	Accountant	3570	Mtqpsvcq	61	136	7176568	Zbjxovtofotxnxdq	Belize	BLZ	Central America	Latin America and the Caribbean
93	Abraham	Nenninger	9457345	Abraham_Nenninger@yandex.ru	Assistant	2220	Pldnjascstchgnr	115		5129857	Jaxpkqfw	Liberia	LBR	Western Africa	Africa
94	Myra	Wan	3046317	Myra_Wan@yandex.ru	Security guard	2350	Ywcbcdsdusezppyv	66	180	5462408	Dnzqkgofkctdlaa	Norfolk Island	NFK	Australia and New Zealand	Oceania
95	Zenas	Rossellett	6925319	Zenas_Rossellett@yandex.ru	Security guard	2020	Iaxcxlqzphuqtwi	34	319	8275058	Caavkenvqh	Chad	TCD	Middle Africa	Africa
96	Jian	Ivy	3270758	Jian_Ivy@mail.ru	Security guard	2410	Bdzkgnjeiitzakt	40	297	8629672	Behxnsnwmolsj	Djibouti	DJI	Eastern Africa	Africa
97	Levi	Fairfax	9534756	Levi_Fairfax@email.net	Seller	3360	Lvmcrlb	150	150	1644178	Khjfdsj	Burundi	BDI	Eastern Africa	Africa
98	Jaden	Grimshaw	4659777	Jaden_Grimshaw@gmail.com	Seller	3190	Fmhvxuyn	96	369	6141857	Ypqlkgzksrqvqo	Togo	TGO	Western Africa	Africa
99	Robiaaa	Stokley	7537337	Robiaaa_Stokley@yandex.ru	Assistant	2030	Vtdzmtbysinir	53	329	9631079	Hluoluexsfz	Guyana	GUY	South America	Latin America and the Caribbean
100	Leona	Libby	4440378	Leona_Libby@mail.ru	Manager	5040	Muarrurmbdzcegwac	84	89	7444435	Fbrpyz	Curaçao	CUW	Caribbean	Latin America and the Caribbean
101	Xiafang	Abeles	3677657	Xiafang_Abeles@email.net	Assistant	2300	Pjpvetu	43	119	1220528	Xveh	Bangladesh	BGD	Eastern Asia	Asia
102	Udo	Hales	9741911	Udo_Hales@yandex.ru	Assistant	2280	Zdkmjjuoiyhoaziho	97	106	8398365	Qieotlbueil	Benin	BEN	Western Africa	Africa
103	Thurlow	Lucca	1054806	Thurlow_Lucca@mail.ru	Seller	4260	Vlgrrcgtihfixdzyq	118	187	8855238	Bmhkjtdwuljnkoiae	United States Virgin Islands	VIR	Caribbean	Latin America and the Caribbean
104	Bartholomew	Prabu	2132244	Bartholomew_Prabu@tut.by	Assistant	2200	Unfzptwsmwjxjox	2	312	8344404	Ezaaeiaxutyq	Saint-Martin (French part)	MAF	Caribbean	Latin America and the Caribbean
105	Thurlow	Overman	3472838	Thurlow_Overman@gmail.com	Security guard	2090	Wuvfvtdxqv	71	50	7266638	Ndwpxleual	Angola	AGO	Middle Africa	Africa
106	Jian	Littleton	8200597	Jian_Littleton@email.net	Assistant	1960	Jtss	156	156	8810743	Ptummsfklbgaiqdg	Cambodia	KHM	South-Eastern Asia	Asia
107	Valeria	Group	2335693	Valeria_Group@email.net	Assistant	2310	Yxrqdzugllgn	71	267	1547970	Vnqahfyiqtdzcgm	Israel	ISR	Western Asia	Asia
108	Sampson	Li	2500331	Sampson_Li@tut.by	Seller	4600	Dpybo	172	276	4191547	Aovhijvs	Nigeria	NGA	Western Africa	Africa
109	Trinity	Smeed	2497135	Trinity_Smeed@email.net	Seller	3980	Knjjjozzs	140	227	1249693	Khwnftevq	Slovenia	SVN	Southern Europe	Europe
110	Jenna	Klesser	7933371	Jenna_Klesser@email.net	Security guard	2780	Etvn	159	354	7130380	Nhntubbval	Bahamas	BHS	Caribbean	Latin America and the Caribbean
111	Diamond	Desai	9867852	Diamond_Desai@tut.by	Seller	3510	Zltpdrdgdhunq	40	299	9218569	Mwdbwld	Mongolia	MNG	Eastern Asia	Asia
112	Kaula	Basket	1598765	Kaula_Basket@tut.by	Manager	4820	Sitvxxnjoifz	55	39	9331215	Ekmbz	Spain	ESP	Southern Europe	Europe
113	Elmo	Gilmour	4398831	Elmo_Gilmour@gmail.com	Manager	4840	Esuxtwyklsmqgbydq	57	336	2989104	Qchiynawtygkoioqgv	Solomon Islands	SLB	Melanesia	Oceania
114	Babs	Fenton	9072833	Babs_Fenton@mail.ru	Accountant	3680	Lusqeasetfmolj	131	167	1462969	Zgdwocqd	Panama	PAN	Central America	Latin America and the Caribbean
115	Fabian	Shea	5042217	Fabian_Shea@mail.ru	Assistant	2300	Ilvnhpsixbjkts	85	161	6645870	Hkhoregdr	China	CHN	Eastern Asia	Asia
116	Zachary	Dosi	9283818	Zachary_Dosi@yandex.ru	Assistant	2650	Pmqanomab	44	271	8634705	Jecscosy	Somalia	SOM	Eastern Africa	Africa
117	Jake	Spivak	1849874	Jake_Spivak@tut.by	Accountant	4950	Cspaax	124	186	2672470	Uilkob	Mayotte	MYT	Eastern Africa	Africa
118	Alphonso	Floyd	9548520	Alphonso_Floyd@email.net	Manager	6600	Iqfjcwlhpjgad	150	316	9333037	Norar	Liechtenstein	LIE	Western Europe	Europe
119	Mallory	Ballard	4486055	Mallory_Ballard@tut.by	Assistant	2180	Rsalujtwzup	7	114	3955432	Ylysuquoqmvkx	Argentina	ARG	South America	Latin America and the Caribbean
120	Xylon	Carmudi	9623196	Xylon_Carmudi@tut.by	Assistant	2370	Sueg	175	342	4425340	Ekkjomul	Uzbekistan	UZB	Central Asia	Asia
121	Gump	Goode	8020577	Gump_Goode@mail.ru	Security guard	2110	Dwifxjyk	55	233	1693222	Ryhziaabhihvkjul	Tunisia	TUN	Northern Africa	Africa
122	Armand	Rusk	5588744	Armand_Rusk@mail.ru	Assistant	2480	Lnftadti	134	12	5010106	Pdyoqibdubm	Occupied Palestinian Territory	PSE	Western Asia	Asia
123	Hatty	Adams	2666808	Hatty_Adams@gmail.com	Accountant	4090	Revpapshn	94	107	4588249	Xvhfuaoghgbubcvq	Western Sahara	ESH	Northern Africa	Africa
124	Samantha	Jenson	8150756	Samantha_Jenson@email.net	Seller	4430	Qcogyybai	98	252	9487815	Sfqmtdertiybwwu	Uruguay	URY	South America	Latin America and the Caribbean
125	Ethan	Salvadore	3287419	Ethan_Salvadore@email.net	Seller	4750	Cccchghkzvxa	170		4694360	Ikulxhxbjzngskb	The former Yugoslav Republic of Macedonia	MKD	Southern Europe	Europe
126	Peony	Wolsey	6593020	Peony_Wolsey@mail.ru	Manager	5360	Yxzvgdnnyebkgiaq	152	324	7917330	Ftnk	Saint Lucia	LCA	Caribbean	Latin America and the Caribbean
127	Dorcas	Gregory	2745943	Dorcas_Gregory@email.net	Assistant	2180	Uvgflkaowwneqvyc	168	266	7099739	Detfhqsuhtne	Burundi	BDI	Eastern Africa	Africa
128	Cassidy	Parks	9252190	Cassidy_Parks@gmail.com	Assistant	2410	Cgztsx	133	260	7046509	Dzlfrvg	Nauru	NRU	Micronesia	Oceania
129	Samuel	Vance	3780267	Samuel_Vance@yandex.ru	Accountant	4050	Drqecelnygujwtba	47	53	4373795	Ydxoxnyiuu	Mauritius	MUS	Eastern Africa	Africa
130	Adity	Hagan	9925569	Adity_Hagan@yandex.ru	Seller	4880	Kxovlefszf	125	274	8918784	Xjvipsysknnpoz	Cook Islands	COK	Polynesia	Oceania
131	Uwe	Grimes	9603506	Uwe_Grimes@mail.ru	Manager	6910	Dueaalwurydp	158	320	9845281	Nfoofafyintwheea	Saint-Barthélemy	BLM	Caribbean	Latin America and the Caribbean
132	Emmet	Burgess	5959597	Emmet_Burgess@yandex.ru	Seller	3980	Gdtwhidmhw	172	38	4644218	Ysgwh	Pakistan	PAK	Eastern Asia	Asia
133	Bonnibelle	Groves	9345849	Bonnibelle_Groves@email.net	Seller	3570	Fcubfiupgwfhiuygia	164	113	6520115	Zhoncqmdteoqqdvl	United Republic of Tanzania	TZA	Eastern Africa	Africa
134	Wanda	Lester	5478868	Wanda_Lester@gmail.com	Assistant	1980	Ibusxhaclirapcwii	36	203	9815056	Rwtefb	Thailand	THA	South-Eastern Asia	Asia
135	Lauren	Peebles	9162521	Lauren_Peebles@gmail.com	Assistant	2710	Nzkqtplg	134		9876558	Byhsckyd	Saint-Martin (French part)	MAF	Caribbean	Latin America and the Caribbean
136	Fredie	Dunkin	3646580	Fredie_Dunkin@yandex.ru	Manager	4990	Lysnpzahi	4	273	2547556	Iobwafvn	Morocco	MAR	Northern Africa	Africa
137	Gump	Lamb	6029734	Gump_Lamb@tut.by	Seller	4130	Rlhxsxsc	59	90	9670174	Aljdemynfglnq	Central African Republic	CAF	Middle Africa	Africa
138	Salomon	Essex	7899332	Salomon_Essex@gmail.com	Assistant	2220	Yywlvkkkmahrgcd	19	81	7073532	Elvoczcnfz	Nicaragua	NIC	Central America	Latin America and the Caribbean
139	Roderick	Yoon	9131867	Roderick_Yoon@gmail.com	Assistant	2150	Ftlqxhqoleewvsgy	47	77	4715026	Rqbh	Cyprus	CYP	Western Asia	Asia
140	Vicky	Carbery	7638006	Vicky_Carbery@email.net	Assistant	2650	Sqam	53	280	3340446	Wrwvxguetketfj	Georgia	GEO	Western Asia	Asia
141	Caresse	Mukhin	3778487	Caresse_Mukhin@mail.ru	Accountant	4330	Lbuddm	16	189	8136344	Agxnlh	Marshall Islands	MHL	Micronesia	Oceania
142	Robert	Milenova	6174739	Robert_Milenova@email.net	Seller	4800	Euyxmxhipqmbtvrh	106		7435071	Zxndcoyhg	Antigua and Barbuda	ATG	Caribbean	Latin America and the Caribbean
143	Worthington	Landon	1027665	Worthington_Landon@email.net	Assistant	2000	Kiazekxmrugis	158	163	6222624	Zhscmz	Liberia	LBR	Western Africa	Africa
144	Uraih	Tamayo	9464228	Uraih_Tamayo@yandex.ru	Manager	5180	Rzsimzrvzte	116	331	2396827	Dzzpwnctbltaxrbuu	Georgia	GEO	Western Asia	Asia
145	Garth	Faimon	6955845	Garth_Faimon@yandex.ru	Accountant	4800	Nnjfljbjf	178	300	8212088	Hmpfdasuy	The former Yugoslav Republic of Macedonia	MKD	Southern Europe	Europe
194	Delia	Dicks	5242464	Delia_Dicks@email.net	Seller	3400	Dwatxptfmezpwighnm	82	261	3165383	Oppvagjyrklbpnsnc	Nigeria	NGA	Western Africa	Africa
195	Chloe	Player	8968043	Chloe_Player@tut.by	Security guard	2560	Udvkjiuvdzmthvsf	168	194	1043814	Xnleaomqn	Azerbaijan	AZE	Western Asia	Asia
196	Alexia	Hummer	1483925	Alexia_Hummer@yandex.ru	Accountant	3190	Alhrjd	147	7	5036662	Kmiaxq	United States Virgin Islands	VIR	Caribbean	Latin America and the Caribbean
197	Shiby	Fenton	1660822	Shiby_Fenton@tut.by	Accountant	4130	Wnqjdzocirelghi	10	190	3439611	Ppjsrify	Guinea	GIN	Western Africa	Africa
198	Franklin	Herold	2627431	Franklin_Herold@mail.ru	Assistant	2000	Nymlnyrmtbayr	24	298	9925414	Qqrihygfkkvwiz	Liberia	LBR	Western Africa	Africa
199	Chloe	Lim	5796756	Chloe_Lim@email.net	Assistant	2310	Qceltimm	173	228	3595985	Hitwcsljnexq	Brazil	BRA	South America	Latin America and the Caribbean
200	Joe	Lowe	6953603	Joe_Lowe@yandex.ru	Seller	3890	Pyjwuagqfjciwe	110	230	3424471	Pvbbs	Tajikistan	TJK	Central Asia	Asia
201	Ula	Clipp	4174231	Ula_Clipp@mail.ru	Seller	3920	Jqfvkjuicatlcuv	82	36	1632642	Xbdffommbvqlwhui	Viet Nam	VNM	South-Eastern Asia	Asia
202	Sydney	Hummer	7931278	Sydney_Hummer@gmail.com	Seller	4020	Ktbs	5		4792435	Mkcsrsoploixip	British Virgin Islands	VGB	Caribbean	Latin America and the Caribbean
203	Marcos	Kann	9865705	Marcos_Kann@yandex.ru	Security guard	2310	Gdboiknlsxsxfmhz	30	135	1317014	Ehztcvfbdogqvvisb	Saint-Martin (French part)	MAF	Caribbean	Latin America and the Caribbean
204	Bud	Barajas	7261394	Bud_Barajas@mail.ru	Accountant	3920	Lvpe	86	96	9754153	Zjcdosykuwa	Malaysia	MYS	South-Eastern Asia	Asia
205	Connor	Jenson	9764684	Connor_Jenson@yandex.ru	Seller	3600	Sdqdkbbgeaj	121	304	5507156	Cahlremob	Norway	NOR	Northern Europe	Europe
206	Ina	Cooper	4542502	Ina_Cooper@yandex.ru	Seller	3230	Akycfgqniez	13	221	6173930	Ntbswjbhlkzdoltfk	Cook Islands	COK	Polynesia	Oceania
207	Roderica	Nappier	2087767	Roderica_Nappier@yandex.ru	Security guard	2130	Riplrequzdtipugf	43	56	6534079	Xqzaacwa	Panama	PAN	Central America	Latin America and the Caribbean
208	Ralston	Downey	5958745	Ralston_Downey@mail.ru	Assistant	2200	Ztjorcrjedyjvgskg	39	368	4888862	Conevxczjxx	Jordan	JOR	Western Asia	Asia
209	Tom	Harris	2954746	Tom_Harris@email.net	Seller	3100	Yyzmztweiuycr	93	344	5814614	Fxsgsdtqbfkcp	Burundi	BDI	Eastern Africa	Africa
210	Horatio	Lance	5805012	Horatio_Lance@mail.ru	Seller	3920	Esazwefonupbjpxc	51	278	4208322	Zoymivawm	Western Sahara	ESH	Northern Africa	Africa
211	Terrence	Larrock	2928971	Terrence_Larrock@mail.ru	Seller	4090	Iprwld	9		9754896	Gcmcnnjydfikzilav	Nigeria	NGA	Western Africa	Africa
212	Patty	Hornick	3778000	Patty_Hornick@mail.ru	Accountant	4220	Eiayidrigxbcjlaa	87	114	4516513	Uttdc	Philippines	PHL	South-Eastern Asia	Asia
213	Zylia	Kindred	7615617	Zylia_Kindred@email.net	Security guard	2280	Lfvdyojxsvcxdxp	41	266	9709444	Psdbpugkbheg	Guadeloupe	GLP	Caribbean	Latin America and the Caribbean
214	Deedee	Conway	5098532	Deedee_Conway@gmail.com	Manager	6970	Ajryivac	137	300	3948643	Epgt	Bosnia and Herzegovina	BIH	Southern Europe	Europe
215	Marat	Stengard	3302494	Marat_Stengard@yandex.ru	Assistant	2280	Vysnonqmdzgjyt	168	305	9595575	Jjtqshzxyi	Portugal	PRT	Southern Europe	Europe
216	Gary	Yaskovich	5810057	Gary_Yaskovich@gmail.com	Assistant	2280	Veglsv	113	6	3967166	Mizovbruidhqxnvz	Indonesia	IDN	South-Eastern Asia	Asia
217	Jonathan	Vue	7141394	Jonathan_Vue@email.net	Accountant	3360	Grexncvodvfak	20	185	8392793	Nufozsgvhnfwifql	Latvia	LVA	Northern Europe	Europe
218	Ross	Parkinson	6138193	Ross_Parkinson@gmail.com	Security guard	2310	Zsircnfogpxtesw	16	262	5556007	Xhjzof	Singapore	SGP	South-Eastern Asia	Asia
219	Norma	Drumm	1763305	Norma_Drumm@yandex.ru	Assistant	2220	Xsnoynwenvbq	33	287	9261150	Spxf	United States Virgin Islands	VIR	Caribbean	Latin America and the Caribbean
220	Bud	Rosser	1345381	Bud_Rosser@email.net	Assistant	2690	Gnqujk	63	199	1369767	Vxwzztwk	Spain	ESP	Southern Europe	Europe
221	Deloris	Kelley	9830718	Deloris_Kelley@yandex.ru	Assistant	2480	Siimr	4	343	7106648	Nypdhxllbymbmgb	Belize	BLZ	Central America	Latin America and the Caribbean
222	Dione	Everrett	9282593	Dione_Everrett@email.net	Seller	4800	Ffgki	49	258	2497340	Dpeiujppfwewvpvi	Dominican Republic	DOM	Caribbean	Latin America and the Caribbean
223	Roger	Albans	8638564	Roger_Albans@gmail.com	Assistant	2430	Twthqbnqtuwqar	85		3648087	Tvmbayov	Rwanda	RWA	Eastern Africa	Africa
224	Robin	Life	4250439	Robin_Life@yandex.ru	Accountant	4130	Crwlsyesjuqhi	2	25	6639085	Qnqjvgg	Norway	NOR	Northern Europe	Europe
225	Buick	Vandermark	1012320	Buick_Vandermark@yandex.ru	Manager	6430	Hevpvdfwy	24	326	6064689	Etlsndoguntq	Poland	POL	Eastern Europe	Europe
226	Jake	Gentle	9468085	Jake_Gentle@tut.by	Manager	5100	Kthfxyqonrpxsprf	99		7507893	Pxueentgx	Dominican Republic	DOM	Caribbean	Latin America and the Caribbean
227	Rose	Poindexter	5139799	Rose_Poindexter@tut.by	Assistant	2130	Nnih	164	154	4446646	Snivdszvwwxbfkk	Kenya	KEN	Eastern Africa	Africa
228	Nolita	Kuntala	1994530	Nolita_Kuntala@tut.by	Seller	4390	Zjetsh	72	240	3435609	Kiguhmamneed	Netherlands	NLD	Western Europe	Europe
229	Deloris	Fenton	4550636	Deloris_Fenton@gmail.com	Seller	3270	Hfyppqsusngeboi	2		4713081	Irujbjv	Malta	MLT	Southern Europe	Europe
230	Thom	Weston	9980248	Thom_Weston@gmail.com	Assistant	2370	Pkdhvohonqmuvgvc	173	32	5218528	Uxomcwlriuj	Saint Lucia	LCA	Caribbean	Latin America and the Caribbean
231	Russell	Lightfoot	2031726	Russell_Lightfoot@yandex.ru	Security guard	2390	Melquxbatiy	148	343	3153650	Lnskwrotiu	Iran (Islamic Republic of)	IRN	Eastern Asia	Asia
232	Ashton	Herold	3545824	Ashton_Herold@tut.by	Accountant	3890	Uvsqbkoblqefthiy	50	169	9511461	Dielooqlpdszdzyb	Vanuatu	VUT	Melanesia	Oceania
233	Hamilton	Roche	3047067	Hamilton_Roche@yandex.ru	Seller	4950	Jgpkvtveapa	101	337	1438716	Udhsmolnpnwlbsp	Georgia	GEO	Western Asia	Asia
234	Pam	Cay	4660586	Pam_Cay@tut.by	Assistant	2110	Zsujb	17	190	4233672	Khllevwv	United Arab Emirates	ARE	Western Asia	Asia
235	Oliver	Handsome	1583187	Oliver_Handsome@yandex.ru	Assistant	2430	Kgiqqbkjcaeu	121	107	5443057	Zefiadyrho	Greenland	GRL	Northern America	Northern America
236	Theron	Mukhin	8120375	Theron_Mukhin@yandex.ru	Manager	6760	Chdpepmducaax	112	149	1107647	Pqpirfm	Pakistan	PAK	Eastern Asia	Asia
237	Olivia	Mathews	8458572	Olivia_Mathews@yandex.ru	Seller	3980	Slkfuxr	85	128	1055298	Ecahtnirsvrhw	Gibraltar	GIB	Southern Europe	Europe
238	Vivian	Painter	4333172	Vivian_Painter@mail.ru	Assistant	2220	Ykmdettoucixw	120	307	7579666	Wvjdoihcrimdnbi	Burundi	BDI	Eastern Africa	Africa
239	Connor	Atkins	1631351	Connor_Atkins@mail.ru	Manager	4910	Fgsotuzbgna	20	270	2418348	Dumawpdzeirbn	Israel	ISR	Western Asia	Asia
240	Geraldine	Perez	2179341	Geraldine_Perez@yandex.ru	Manager	4950	Vvxmkx	138	110	1078309	Erivvvcyvwjc	Sint Maarten (Dutch part)	SXM	Caribbean	Latin America and the Caribbean
241	Sydney	Hornick	1656022	Sydney_Hornick@yandex.ru	Security guard	2590	Mcjvcsjdkrsqizcilb	115	210	1398943	Byqshotti	Equatorial Guinea	GNQ	Middle Africa	Africa
146	Alana	Vickers	2258391	Alana_Vickers@gmail.com	Seller	4050	Aroff	31	109	2201665	Pisunxcgrnysv	Botswana	BWA	Southern Africa	Africa
147	Silvanus	Yoon	4622300	Silvanus_Yoon@gmail.com	Manager	5040	Vfqwtalsjjasgdg	101	11	4761961	Jywkpzfr	Djibouti	DJI	Eastern Africa	Africa
148	Joshua	Carpenter	6800819	Joshua_Carpenter@tut.by	Seller	3810	Yfdzmyipontggk	61	93	9486030	Ycgzxpazfoqovzlmr	Cambodia	KHM	South-Eastern Asia	Asia
149	Jade	Harris	1856090	Jade_Harris@mail.ru	Security guard	2090	Mlnjztnnxjgnzxzy	2	48	9774867	Ffdku	United States Virgin Islands	VIR	Caribbean	Latin America and the Caribbean
150	Royal	Sandstrum	6967827	Royal_Sandstrum@mail.ru	Security guard	2020	Tvwmgzndwmhxwmlo	65	362	4290265	Tkrgrf	Central African Republic	CAF	Middle Africa	Africa
151	Inga	Venkayala	3630649	Inga_Venkayala@gmail.com	Security guard	2300	Rtivokd	42	303	3132702	Gzzfkph	Djibouti	DJI	Eastern Africa	Africa
152	Emily	Farmer	4165534	Emily_Farmer@tut.by	Seller	4750	Udbflochcdyfent	24	304	4286830	Wxqxh	Estonia	EST	Northern Europe	Europe
153	Pavani	Felton	3645356	Pavani_Felton@tut.by	Seller	3190	Bamanetvqaucdhvvno	157	315	6499299	Zwzwktltxtovuqnm	Lao People's Democratic Republic	LAO	South-Eastern Asia	Asia
154	Uwe	Osgode	4134700	Uwe_Osgode@mail.ru	Security guard	2560	Fxhraipixnrt	89	10	1632837	Xolxntkk	British Virgin Islands	VGB	Caribbean	Latin America and the Caribbean
155	Harland	Goode	5319742	Harland_Goode@tut.by	Seller	3360	Emxsogzf	156	238	9782974	Zpug	Peru	PER	South America	Latin America and the Caribbean
156	Aubrey	Colven	9242278	Aubrey_Colven@email.net	Seller	4670	Aundahhboqku	92	96	2203967	Ecmsarf	Syrian Arab Republic	SYR	Western Asia	Asia
157	Alana	Buckett	4641884	Alana_Buckett@mail.ru	Seller	2990	Ejihlzanbcrcmm	169	119	2649150	Bmnovxghjxbzol	Djibouti	DJI	Eastern Africa	Africa
158	Alyce	Welsh	3920719	Alyce_Welsh@tut.by	Security guard	1960	Ffyxjlvbovxuloasg	95	330	1513912	Xgvnmqtuapdhpbfwq	Mexico	MEX	Central America	Latin America and the Caribbean
159	Rob	Orson	4204559	Rob_Orson@gmail.com	Seller	3770	Idxpy	57		1275194	Imaoqk	Burundi	BDI	Eastern Africa	Africa
160	Armand	Waddell	4413295	Armand_Waddell@yandex.ru	Manager	5100	Yyzjan	106	152	5835152	Bhcpg	Spain	ESP	Southern Europe	Europe
161	Samantha	Mukhin	1017882	Samantha_Mukhin@email.net	Seller	4220	Xfflldlchzzmpr	38	257	6277605	Cdilqwijtkgkcvr	Nicaragua	NIC	Central America	Latin America and the Caribbean
162	Benita	Glad	1507105	Benita_Glad@yandex.ru	Seller	3470	Ytplztwlhfm	27	34	1849624	Wyegwrchionvz	Argentina	ARG	South America	Latin America and the Caribbean
163	Jade	Waite	8782404	Jade_Waite@gmail.com	Manager	5360	Eyhsgfyupoq	95	118	1611103	Xjcqkeqrrylewxjime	Jamaica	JAM	Caribbean	Latin America and the Caribbean
164	Madelene	Stuhler	8291194	Madelene_Stuhler@email.net	Accountant	4910	Crvpouxpsb	60	195	2363550	Rstmjcxoxarjcyopa	Iran (Islamic Republic of)	IRN	Eastern Asia	Asia
165	Cody	Kennedy	9905161	Cody_Kennedy@tut.by	Seller	4500	Fymllzscpztkj	154		4352353	Ajqfsfiiz	Romania	ROU	Eastern Europe	Europe
166	Cole	Chalmers	2929813	Cole_Chalmers@email.net	Assistant	2050	Vumvxnexrqfofex	8	342	1564731	Egmtgydfeh	Pitcairn	PCN	Polynesia	Oceania
167	Fabian	Nicholo	3963686	Fabian_Nicholo@tut.by	Accountant	4710	Bxufynaqmzocjtsp	164	129	3866100	Gugwluipsz	Namibia	NAM	Southern Africa	Africa
168	Byron	Lusk	1265279	Byron_Lusk@gmail.com	Manager	4670	Cxqwnfojnx	29	30	2771217	Rfzeuokixuyjpzqs	Guadeloupe	GLP	Caribbean	Latin America and the Caribbean
169	Carrol	Sheppard	8401568	Carrol_Sheppard@tut.by	Security guard	2180	Qvfdachzd	9	275	2726730	Ciqx	Burundi	BDI	Eastern Africa	Africa
170	Alana	Crisp	4996207	Alana_Crisp@email.net	Assistant	2160	Yglt	157	246	1896876	Txacqzatwobty	Gabon	GAB	Middle Africa	Africa
171	Bradley	Rellis	8954918	Bradley_Rellis@mail.ru	Assistant	1980	Wbjm	163	328	8835565	Dpkydtvctdmne	Brunei Darussalam	BRN	South-Eastern Asia	Asia
172	Jian	Chambliss	1546092	Jian_Chambliss@yandex.ru	Assistant	2050	Vppngqgkejhwqioryi	101	280	6776184	Paghn	Ghana	GHA	Western Africa	Africa
173	Harvey	Hardesty	8813726	Harvey_Hardesty@gmail.com	Seller	4390	Dfuysrhssdjlwmhzia	148	158	5237128	Bofwe	France	FRA	Western Europe	Europe
174	Joshua	Spivak	5901868	Joshua_Spivak@yandex.ru	Seller	3890	Lzwjyxel	169	270	6586081	Qffhmvuqjxj	Iceland	ISL	Northern Europe	Europe
175	Liana	Litefoote	6320288	Liana_Litefoote@gmail.com	Seller	3640	Yopqjwssrtksidv	170	185	8116921	Mkykhse	Åland Islands	ALA	Northern Europe	Europe
176	Denys	Weatherford	5282313	Denys_Weatherford@yandex.ru	Security guard	2000	Uwssnuloben	98	171	4165221	Fdrx	Sudan	SDN	Northern Africa	Africa
177	Jacek	Burgess	9284503	Jacek_Burgess@gmail.com	Accountant	3020	Gwkcngh	134	271	4203269	Hoxycuqaempusi	Liberia	LBR	Western Africa	Africa
178	Bruce	Lyon	8933841	Bruce_Lyon@tut.by	Security guard	2260	Jwuh	12	130	2004986	Mezb	Guadeloupe	GLP	Caribbean	Latin America and the Caribbean
179	Chitra	Farrell	6413623	Chitra_Farrell@tut.by	Assistant	2070	Edlc	145	82	9809942	Gtknjrhosliaoa	Austria	AUT	Western Europe	Europe
180	Lise	Kuntala	9431183	Lise_Kuntala@yandex.ru	Seller	3890	Gqerbqnvmieevzn	117	196	8293368	Bohmdghxtpo	Guyana	GUY	South America	Latin America and the Caribbean
181	Ralph	Yarmus	2757664	Ralph_Yarmus@yandex.ru	Assistant	2630	Jtchgcmp	89	70	7002714	Oyypb	Latvia	LVA	Northern Europe	Europe
182	Jocelyn	Weatherford	8867408	Jocelyn_Weatherford@email.net	Security guard	2090	Wxwlezxiyeaa	174	107	1751736	Ossqhyfhlxk	United States of America	USA	Northern America	Northern America
183	Cole	Campos	5848442	Cole_Campos@email.net	Seller	4950	Rmotudmflyacuozr	173	160	2823510	Iqezbyffwinkhwrt	United Arab Emirates	ARE	Western Asia	Asia
184	Tania	Spivak	7918730	Tania_Spivak@email.net	Seller	3400	Peqyvxbtoumwha	139	220	7808217	Wnsglljkiqhdticto	Burundi	BDI	Eastern Africa	Africa
185	Sada	Tazelar	6295141	Sada_Tazelar@gmail.com	Manager	5040	Hprfuue	139	171	3550089	Qpfwnbuvtzkkwgryd	Indonesia	IDN	South-Eastern Asia	Asia
186	Maddox	Nance	7769986	Maddox_Nance@email.net	Accountant	3060	Fqyoqhfkimbecqeea	177		1380851	Finfam	Ecuador	ECU	South America	Latin America and the Caribbean
187	Herman	Seto	1319637	Herman_Seto@yandex.ru	Assistant	2450	Kqyvsihqgwpuxgah	37	59	7044368	Oxzqzbogrogr	Dominican Republic	DOM	Caribbean	Latin America and the Caribbean
188	Astrid	Dosi	7741689	Astrid_Dosi@tut.by	Assistant	2350	Xopztkdmmsvirvf	86	212	1496961	Dnoxuw	Philippines	PHL	South-Eastern Asia	Asia
189	Colman	Dowd	9786059	Colman_Dowd@yandex.ru	Security guard	2150	Wlmkrsxgbpf	87	50	2514052	Ysuz	Saudi Arabia	SAU	Western Asia	Asia
190	Yvette	Curr	4242736	Yvette_Curr@gmail.com	Assistant	2200	Tiemgrujfjfsbt	97		8259437	Habfdwukmazapfjlkf	Algeria	DZA	Northern Africa	Africa
191	Bridget	Kuntala	7865475	Bridget_Kuntala@gmail.com	Security guard	2220	Bjrvbxck	8		2231701	Ozttbaspvlxvpwze	Denmark	DNK	Northern Europe	Europe
192	Blossom	Lee	8510963	Blossom_Lee@yandex.ru	Assistant	1960	Cijggvukgp	97	226	5742391	Sdtpghgwyoyrfuoesh	Mexico	MEX	Central America	Latin America and the Caribbean
193	Phyllis	Nary	8966890	Phyllis_Nary@yandex.ru	Accountant	4880	Tdopub	171	53	3458115	Dgjmruwonbltlbrv	Kuwait	KWT	Western Asia	Asia
1	Christine	Fixx	3422470	Christine_Fixx@email.net	Assistant	2090	Usbrb	165	356	3562867	Tuabhxyuqrzrjgscjq	Algeria	DZA	Northern Africa	Africa
2	Veda	Kidwell	8917685	Veda_Kidwell@yandex.ru	Seller	4500	Mdouf	13	292	8737741	Heyyedbj	Belarus	BLR	Eastern Europe	Europe
3	Joe	Weeks	1495885	Joe_Weeks@yandex.ru	Seller	3890	Fhjrpvf	120	105	4755612	Qxex	Nauru	NRU	Micronesia	Oceania
4	Tiffany	Grigsby	3468147	Tiffany_Grigsby@tut.by	Seller	3360	Elqgxyivfdltgiae	47	333	6407900	Nnnroqwiysbuazw	China, Macao Special Administrative Region	MAC	Eastern Asia	Asia
5	Patrick	Hurst	8849709	Patrick_Hurst@yandex.ru	Seller	4300	Xvdx	60	44	3802959	Xwlou	Austria	AUT	Western Europe	Europe
6	Pete	Christian	9947773	Pete_Christian@gmail.com	Security guard	2160	Pgct	6	265	6798068	Rmmdhrtuvvhkrcl	Tokelau	TKL	Polynesia	Oceania
7	Marjery	Stuhler	3251439	Marjery_Stuhler@yandex.ru	Assistant	1980	Zoxivw	109	274	2646836	Qtxeuwhjzwjle	Burundi	BDI	Eastern Africa	Africa
8	Rayburn	Welsh	2728380	Rayburn_Welsh@tut.by	Assistant	2260	Mrfcphysmpvfprkmf	23	47	4866267	Tdfyzzkgzggbwlddz	Iraq	IRQ	Western Asia	Asia
9	Cassidy	German	6319047	Cassidy_German@mail.ru	Seller	4600	Vgfhxtguzgq	132		6929616	Dranoio	Denmark	DNK	Northern Europe	Europe
10	Pablo	Gibb	3354365	Pablo_Gibb@email.net	Accountant	3400	Jmqncgeslkcpynmg	136	333	1675353	Jbqkhxzhjzbdkztezp	Bosnia and Herzegovina	BIH	Southern Europe	Europe
11	Zandra	Nicholo	2140785	Zandra_Nicholo@yandex.ru	Assistant	2110	Prvrudtye	75	322	4552191	Tpoafjg	Serbia	SRB	Southern Europe	Europe
12	Kristie	Valentino	4594291	Kristie_Valentino@gmail.com	Seller	4600	Nbvblgj	34	126	8683789	Odlmcu	Mauritius	MUS	Eastern Africa	Africa
13	Susie	Remler	8807916	Susie_Remler@mail.ru	Assistant	2070	Vbunueaqfl	126		8814866	Wmenwluxnim	United Republic of Tanzania	TZA	Eastern Africa	Africa
14	Gideon	Katz	5012341	Gideon_Katz@gmail.com	Security guard	2050	Abtmjjabx	176	369	3294684	Zoyzzafsyfyeft	Tonga	TON	Polynesia	Oceania
15	Zaccheus	Bartlett	1565511	Zaccheus_Bartlett@email.net	Seller	4750	Kebkcalopyqrwm	108		1140207	Aeliapwavqiei	Djibouti	DJI	Eastern Africa	Africa
16	Idette	Devereaux	2267352	Idette_Devereaux@gmail.com	Seller	4630	Nqopbgshkycglpvhsg	70	233	3139261	Xing	Solomon Islands	SLB	Melanesia	Oceania
17	Brandon	Bhagwat	5645681	Brandon_Bhagwat@gmail.com	Seller	3020	Xzzbtnrphi	108	100	8753997	Btcz	Honduras	HND	Central America	Latin America and the Caribbean
18	Lynna	Robey	3641964	Lynna_Robey@yandex.ru	Manager	6800	Ncyzest	81	300	3236149	Urexclthowcvpbqkbm	Senegal	SEN	Western Africa	Africa
19	Lila	Rowls	5473958	Lila_Rowls@yandex.ru	Accountant	4020	Xlwljyntemzl	45	285	5390872	Uywhww	Syrian Arab Republic	SYR	Western Asia	Asia
20	Melanie	Barone	7613664	Melanie_Barone@yandex.ru	Assistant	2370	Cliyhdbyfhnalfyjr	176	184	5280053	Cnhnlas	China, Macao Special Administrative Region	MAC	Eastern Asia	Asia
21	Ashley	Rider	4619250	Ashley_Rider@gmail.com	Assistant	2180	Puggqn	164	331	7527450	Dvnzfbgaevrurslx	Seychelles	SYC	Eastern Africa	Africa
22	Adriana	Keith	1836405	Adriana_Keith@tut.by	Assistant	2200	Ccmncm	131	89	2298377	Xcxkzbbfcvcbad	Georgia	GEO	Western Asia	Asia
23	Jordan	Cay	3359853	Jordan_Cay@mail.ru	Assistant	2460	Tfiscwvfzhvvylzk	124		4228854	Hcjinngcabnrlzpn	Czech Republic	CZE	Eastern Europe	Europe
24	Adel	Robbinette	4146286	Adel_Robbinette@email.net	Seller	3440	Krcnurqomabzrg	160	341	4078795	Dmsghkdrzafxqvrcrd	Belarus	BLR	Eastern Europe	Europe
25	Irma	Liue	8540573	Irma_Liue@tut.by	Assistant	2050	Fxaqshhtldka	173	305	8244576	Yioihwpwhi	Austria	AUT	Western Europe	Europe
26	Ramona	Nance	8665059	Ramona_Nance@gmail.com	Accountant	4090	Zljolecqiwtcdcgt	40	105	1811237	Cort	Japan	JPN	Eastern Asia	Asia
27	Denys	Campbell	3138728	Denys_Campbell@gmail.com	Assistant	2090	Fvvletswmhjiporboo	44	98	9166984	Xwyeldmplfb	Saint Pierre and Miquelon	SPM	Northern America	Northern America
28	Anushka	Haley	4744881	Anushka_Haley@mail.ru	Security guard	2130	Hxghkcdyzvzw	46	210	8938887	Jnnohpd	Niue	NIU	Polynesia	Oceania
29	Ramon	Kelly	8318915	Ramon_Kelly@email.net	Seller	3320	Emnxufi	87	199	6058171	Qijggxrxid	Ireland	IRL	Northern Europe	Europe
30	Dakota	Lucas	6309518	Dakota_Lucas@tut.by	Assistant	2300	Qnzowqntpnzclpgf	78	300	6133142	Dlssssfuw	Tuvalu	TUV	Polynesia	Oceania
31	Jenna	Lefevre	5874761	Jenna_Lefevre@tut.by	Assistant	2070	Rhrfooxpnpehoon	163	2	9407972	Ykqimtgffp	Azerbaijan	AZE	Western Asia	Asia
32	Salisbury	Abeles	6556895	Salisbury_Abeles@gmail.com	Seller	2990	Cdbizunofeqsj	51	270	5479726	Zhoncqmdteoqqdvl	United Republic of Tanzania	TZA	Eastern Africa	Africa
33	Ronni	Gregg	2524571	Ronni_Gregg@yandex.ru	Assistant	2280	Rishmbitgsddsk	133	299	1816321	Crckxgajmarebulpqq	Belize	BLZ	Central America	Latin America and the Caribbean
34	Biddy	Smith	9642353	Biddy_Smith@mail.ru	Assistant	2000	Pabdrpdwobpn	154	116	2748159	Dflocgrnvaiaalq	Bermuda	BMU	Northern America	Northern America
35	Sunil	Fairfax	3213137	Sunil_Fairfax@yandex.ru	Security guard	2350	Epquwcoibrc	161	123	6360661	Wssfhmkohldl	Algeria	DZA	Northern Africa	Africa
36	Jade	Gilboy	6598258	Jade_Gilboy@tut.by	Security guard	2220	Pzwzk	3	247	6655934	Larlgeouyhivwaolia	Serbia	SRB	Southern Europe	Europe
37	Armand	Rill	5673032	Armand_Rill@yandex.ru	Assistant	2350	Nswevjsssceblyz	164		3833777	Pozsmv	Suriname	SUR	South America	Latin America and the Caribbean
38	Jayden	Sparks	9947012	Jayden_Sparks@email.net	Seller	5040	Mnbdnivsuhcuntnfoe	74	7	8006505	Cztinzlpeujvtrenph	Costa Rica	CRI	Central America	Latin America and the Caribbean
39	Idona	Barber	5703420	Idona_Barber@tut.by	Manager	7010	Zbdbvxnwbetb	3	209	9900604	Przkusnltlfvab	Guinea	GIN	Western Africa	Africa
40	Dora	Dadashev	9608680	Dora_Dadashev@mail.ru	Accountant	4500	Vzzjo	49	155	2839435	Frqpjocfaluxsmawec	Georgia	GEO	Western Asia	Asia
41	Brant	Waite	8869486	Brant_Waite@gmail.com	Seller	4500	Vfyyculn	8	329	3232176	Rfxhjhav	Honduras	HND	Central America	Latin America and the Caribbean
42	Holman	Fepoi	9016933	Holman_Fepoi@yandex.ru	Security guard	2650	Dbnszjfntlpr	3	199	4891245	Sxmfhaorsygqh	Martinique	MTQ	Caribbean	Latin America and the Caribbean
43	Eugene	Welch	9465559	Eugene_Welch@email.net	Manager	5270	Wnldqkxcjctukwfqiu	113	322	7809986	Ewbjquwjqaabatqnck	Guinea-Bissau	GNB	Western Africa	Africa
44	Ilka	Everett	9560108	Ilka_Everett@email.net	Assistant	2280	Xdornfslfxudojqp	16	181	7813960	Xgaggn	Tokelau	TKL	Polynesia	Oceania
45	Persis	Nary	1772632	Persis_Nary@tut.by	Security guard	2390	Mdmvwzbz	92	303	9933477	Mlkxeixjv	Serbia	SRB	Southern Europe	Europe
46	Jim	Prabu	9166529	Jim_Prabu@yandex.ru	Seller	4300	Tzfgapegzroypn	54	330	9553138	Sloifwcuhd	Mauritius	MUS	Eastern Africa	Africa
47	Aidan	Irving	6089930	Aidan_Irving@mail.ru	Security guard	2710	Wrfgftjvhot	125	212	1703882	Weexpbm	Philippines	PHL	South-Eastern Asia	Asia
48	Holly	Wilbur	6601938	Holly_Wilbur@gmail.com	Assistant	2160	Qshjuvsrwchnzjooqh	117	32	8214962	Chfybxnfjkkqjet	Democratic Republic of the Congo	COD	Middle Africa	Africa
49	Lona	Young	8830078	Lona_Young@gmail.com	Accountant	4950	Cktbz	90	98	5602617	Hhadsemxqboutgmalg	Djibouti	DJI	Eastern Africa	Africa
290	Martin	Everett	1809173	Martin_Everett@email.net	Seller	3640	Gjwalsgwarptmnvcw	17	153	1101213	Yimkrufi	Democratic People's Republic of Korea	PRK	Eastern Asia	Asia
291	Inez	Tamayo	8970951	Inez_Tamayo@gmail.com	Assistant	2310	Crtakiuvx	79	24	4119364	Cahlremob	Norway	NOR	Northern Europe	Europe
292	Sunil	Lengel	6566472	Sunil_Lengel@mail.ru	Assistant	2310	Dcmw	40	42	8352432	Mettzqppbgnzzczzbb	Marshall Islands	MHL	Micronesia	Oceania
293	Boriana	Katz	7395873	Boriana_Katz@tut.by	Accountant	4260	Hmgagblepvrupwnicr	59		3944761	Onkhi	Bahrain	BHR	Western Asia	Asia
294	Manda	Cole	7580613	Manda_Cole@gmail.com	Assistant	2330	Gxbampegoptqywcq	103	30	6773023	Oqqvbjdgb	Iceland	ISL	Northern Europe	Europe
295	Gertrude	Sizemore	8874553	Gertrude_Sizemore@gmail.com	Accountant	4840	Dpwgwmfqglrdmyw	150		6165073	Xyoyeib	China	CHN	Eastern Asia	Asia
296	Sydney	Carbery	5334139	Sydney_Carbery@email.net	Seller	3360	Chzdlpoxe	83		7246775	Gjplzezbint	Zambia	ZMB	Eastern Africa	Africa
297	Thatcher	Klesser	4050582	Thatcher_Klesser@gmail.com	Security guard	2030	Okwh	164	168	9222073	Xhowiskalmqloyktn	Aruba	ABW	Caribbean	Latin America and the Caribbean
298	Marat	Chang	5783280	Marat_Chang@tut.by	Seller	4220	Xvdkuzlpystm	141	287	7357140	Gvdx	Belize	BLZ	Central America	Latin America and the Caribbean
299	Bertha	Prabu	8404174	Bertha_Prabu@mail.ru	Seller	4020	Ylteijojtnl	84	184	1923756	Mlsepl	Bosnia and Herzegovina	BIH	Southern Europe	Europe
300	Tania	Carpenter	3051534	Tania_Carpenter@mail.ru	Assistant	2390	Nljdzldyuurwyxsea	163	74	2382913	Orujrdgnyyyc	Saint Helena	SHN	Western Africa	Africa
301	Jason	Lillis	6578088	Jason_Lillis@email.net	Security guard	2350	Nhoojqohfivtdnizb	140	105	5990490	Gsacanj	Cuba	CUB	Caribbean	Latin America and the Caribbean
302	Taylor	Wilbur	2229752	Taylor_Wilbur@gmail.com	Seller	4880	Irxvayikmqbk	25	166	7525565	Xolxntkk	British Virgin Islands	VGB	Caribbean	Latin America and the Caribbean
303	Cara	Edmond	8111326	Cara_Edmond@yandex.ru	Security guard	2070	Dmnzartpf	163	80	1943265	Akhsxi	Argentina	ARG	South America	Latin America and the Caribbean
304	Marcus	Campos	4486907	Marcus_Campos@yandex.ru	Seller	4220	Eugtqzqds	92	54	4382332	Oznuecdbyiqepnwmxy	Morocco	MAR	Northern Africa	Africa
305	Zylina	Mukhin	9252547	Zylina_Mukhin@tut.by	Accountant	3720	Qtkfchj	90	333	1894390	Ozgmjgjusvpbzgxdq	Mauritius	MUS	Eastern Africa	Africa
306	Solana	Novak	8375718	Solana_Novak@mail.ru	Seller	4260	Gzdbrogxbcu	48	112	1432906	Trirfzjshmahgfjct	Samoa	WSM	Polynesia	Oceania
307	Antony	Waite	1115046	Antony_Waite@gmail.com	Assistant	2260	Fvsynpwcfwhdobn	87	209	9076140	Nncraduikkuhefib	Curaçao	CUW	Caribbean	Latin America and the Caribbean
308	Winston	Laycock	7371688	Winston_Laycock@yandex.ru	Seller	2910	Jswjimjjvuyy	115	71	8549925	Nrqgfezgboufgmwruv	Turkmenistan	TKM	Central Asia	Asia
309	Diana	Berger	3339524	Diana_Berger@yandex.ru	Seller	3020	Tmgkmxsnosmeilmszn	1	258	8503052	Eiulqiewfwjpsepzig	Switzerland	CHE	Western Europe	Europe
310	Rama	Group	7908200	Rama_Group@tut.by	Assistant	2200	Vtmnhkraavecqugiol	51	144	9383547	Sfkytbpya	Honduras	HND	Central America	Latin America and the Caribbean
242	Lucille	Fischer	3584221	Lucille_Fischer@mail.ru	Seller	3770	Umps	124	227	3875621	Zhnwnqlojtalkzild	Ukraine	UKR	Eastern Europe	Europe
243	Winifred	Alex	1464158	Winifred_Alex@yandex.ru	Seller	3980	Twfvvfzkoylospul	76	28	8037862	Sfqmtdertiybwwu	Uruguay	URY	South America	Latin America and the Caribbean
244	Jordan	Milenova	8207258	Jordan_Milenova@tut.by	Security guard	2280	Mdqnzygar	31	154	3044320	Vznq	Turkey	TUR	Western Asia	Asia
245	Spencer	Dunford	1576202	Spencer_Dunford@mail.ru	Assistant	2350	Arwlcrxpgw	170	149	2276609	Zpqqwb	Mali	MLI	Western Africa	Africa
246	Hillary	Kuntala	3538187	Hillary_Kuntala@yandex.ru	Security guard	2370	Cstkboprtg	105	14	8188048	Ulzwllazpqmdiztjq	Kazakhstan	KAZ	Central Asia	Asia
247	Sydney	Felix	4042817	Sydney_Felix@email.net	Assistant	2310	Naxpbc	128	99	7908576	Nzyztd	Belarus	BLR	Eastern Europe	Europe
248	Jim	Maine	3145438	Jim_Maine@email.net	Seller	4330	Etixyf	89	262	8600306	Zygvgvdptm	United Kingdom of Great Britain and Northern Ireland	GBR	Northern Europe	Europe
249	Charlie	Player	6037108	Charlie_Player@mail.ru	Seller	4880	Laylsoupncx	148	264	3916207	Qqldbktyzv	Yemen	YEM	Western Asia	Asia
250	Adity	Aldridge	5139011	Adity_Aldridge@yandex.ru	Assistant	2350	Odaogw	83	208	3342686	Kaoqidvjcjof	Philippines	PHL	South-Eastern Asia	Asia
251	Baxter	Stock	8023423	Baxter_Stock@gmail.com	Accountant	3470	Yaflydpvscrk	111	132	1563352	Bhplynw	Mali	MLI	Western Africa	Africa
252	Douglas	Gentile	4434514	Douglas_Gentile@email.net	Manager	5310	Lhnflfdp	88	275	9426874	Bhljneoakdcb	Trinidad and Tobago	TTO	Caribbean	Latin America and the Caribbean
253	Lamont	Vale	8306122	Lamont_Vale@yandex.ru	Manager	6800	Vbrexnxertsz	144		7856879	Haeownwhezebzokxft	Guatemala	GTM	Central America	Latin America and the Caribbean
254	Worth	Lotto	9525904	Worth_Lotto@tut.by	Assistant	2160	Hjhgohruneqtixv	32	314	5346000	Fhegvw	Philippines	PHL	South-Eastern Asia	Asia
255	Roy	Hummer	6357374	Roy_Hummer@email.net	Accountant	4220	Asmqqo	36	314	4052638	Cvhr	Denmark	DNK	Northern Europe	Europe
256	Adriana	Mukhin	7285323	Adriana_Mukhin@gmail.com	Seller	3470	Abzwxre	15	162	5215436	Jiqyxnq	Guam	GUM	Micronesia	Oceania
257	Emily	Farrell	4921322	Emily_Farrell@gmail.com	Seller	4750	Bmaohjiuuccyou	2	209	1913564	Kvjl	Haiti	HTI	Caribbean	Latin America and the Caribbean
258	Randal	Baldwin	1294654	Randal_Baldwin@yandex.ru	Assistant	2000	Zdevdev	151	31	7683299	Qgxgwxoyhnwt	Timor-Leste	TLS	South-Eastern Asia	Asia
259	Sewell	Lassiter	7532987	Sewell_Lassiter@tut.by	Accountant	3400	Eyloyps	112	184	4222062	Lglrynb	Sint Maarten (Dutch part)	SXM	Caribbean	Latin America and the Caribbean
260	Emil	Dowling	4043090	Emil_Dowling@gmail.com	Security guard	2310	Iyjnmroenexh	138	284	7299635	Wgjxmsemgpwc	Peru	PER	South America	Latin America and the Caribbean
261	Lionel	Sexton	7863466	Lionel_Sexton@mail.ru	Assistant	2200	Tvhugvycwafxmtced	2	178	8776246	Nsvtb	Costa Rica	CRI	Central America	Latin America and the Caribbean
262	Dylan	Bacon	3131450	Dylan_Bacon@yandex.ru	Seller	4300	Nwnezscirjzzbqq	121	127	7096883	Arbxyewsbe	Haiti	HTI	Caribbean	Latin America and the Caribbean
263	August	Washington	4288440	August_Washington@mail.ru	Seller	3470	Lfqeqmlrly	173	179	7976388	Ucoliqjqiuquh	Kazakhstan	KAZ	Central Asia	Asia
264	Jed	Bhagwat	2698973	Jed_Bhagwat@tut.by	Security guard	1960	Ghxbsnsj	27	359	2932532	Zupsgmnneccatan	Jordan	JOR	Western Asia	Asia
265	Noah	Kayden	4008755	Noah_Kayden@tut.by	Security guard	2370	Zkuf	128	160	2244438	Jyoyfhxijkfyha	Aruba	ABW	Caribbean	Latin America and the Caribbean
266	Terrill	Campbell	4098042	Terrill_Campbell@mail.ru	Seller	3810	Dgxdzvpjt	120	204	1417920	Bhplynw	Mali	MLI	Western Africa	Africa
267	Camille	Dostor	8207685	Camille_Dostor@email.net	Manager	6540	Lvmycjykgjijtd	153	324	1059091	Kpvaic	Equatorial Guinea	GNQ	Middle Africa	Africa
268	Marwin	Stephneson	2001729	Marwin_Stephneson@tut.by	Seller	5080	Ewpddwlfwn	49	327	3255814	Koodruseelgke	Chile	CHL	South America	Latin America and the Caribbean
269	Samantha	Hanson	7270523	Samantha_Hanson@mail.ru	Assistant	2590	Jlomoaqaxdwewywrbx	121	8	9243951	Qvlspoykhakl	Cuba	CUB	Caribbean	Latin America and the Caribbean
270	Robiaaa	Bloom	2893069	Robiaaa_Bloom@yandex.ru	Assistant	2310	Vapwsesy	125	248	6437006	Ismqpbxdckmmi	Iceland	ISL	Northern Europe	Europe
271	Ulrick	Roy	8858400	Ulrick_Roy@tut.by	Seller	3640	Kcbyohiaoukgb	172	234	4773720	Aqlk	Ghana	GHA	Western Africa	Africa
272	Kayla	Filbert	7361010	Kayla_Filbert@mail.ru	Assistant	2200	Pvgmjcidrmurimy	9	9	9553469	Mrflmsjlot	Anguilla	AIA	Caribbean	Latin America and the Caribbean
273	Elson	Sagan	5807051	Elson_Sagan@email.net	Security guard	2370	Csnmmxveudsnf	148	141	7555491	Qoxgaf	Åland Islands	ALA	Northern Europe	Europe
274	Lona	Murray	1450083	Lona_Murray@yandex.ru	Manager	6430	Qjpattj	163	154	3075119	Jzabkob	Ukraine	UKR	Eastern Europe	Europe
275	Lou	Lesley	3801955	Lou_Lesley@yandex.ru	Seller	3060	Dlnilkqyf	175	47	7796216	Ovgqyzwhlmqjdarqo	Rwanda	RWA	Eastern Africa	Africa
276	Cole	Sadworth	3006777	Cole_Sadworth@yandex.ru	Accountant	4950	Quwbfog	168	111	9242774	Tecmhmktvah	Guam	GUM	Micronesia	Oceania
277	Morley	Myczkowski	3100901	Morley_Myczkowski@email.net	Assistant	2020	Qacjcfr	22	78	8295097	Blwrjzw	India	IND	Eastern Asia	Asia
278	Philana	Isaacs	5575243	Philana_Isaacs@yandex.ru	Assistant	2390	Xlauqxnie	51	323	2139143	Vnqahfyiqtdzcgm	Israel	ISR	Western Asia	Asia
279	Guy	Allis	9497254	Guy_Allis@tut.by	Accountant	3980	Zddvxouwuaamsmrflx	46		4129857	Ifasmvwovhnvcivre	Sweden	SWE	Northern Europe	Europe
280	Terrence	Kindrid	1686585	Terrence_Kindrid@mail.ru	Assistant	2090	Tfaicifaxzhiyhialb	87	78	1066981	Yrmnlw	Nicaragua	NIC	Central America	Latin America and the Caribbean
281	Moses	Mccracken	7824705	Moses_Mccracken@yandex.ru	Accountant	2990	Mzjademy	115	357	5112432	Yoeubzqszwutp	Kenya	KEN	Eastern Africa	Africa
282	Maggie	Orson	8931873	Maggie_Orson@tut.by	Seller	3600	Hxstbxeqdgt	27	54	8440785	Efssx	Papua New Guinea	PNG	Melanesia	Oceania
283	Branden	Faulk	5855240	Branden_Faulk@gmail.com	Security guard	2050	Wfmtzoznnqgrvgmv	161	74	3844454	Byqnmvipzikb	Uruguay	URY	South America	Latin America and the Caribbean
284	Bridget	Bloom	2698168	Bridget_Bloom@gmail.com	Manager	5040	Igwwjlhxhalukb	155	16	4130623	Qxahlsrjfmtxbeq	Palau	PLW	Micronesia	Oceania
285	Maggie	Grigsby	2104604	Maggie_Grigsby@mail.ru	Assistant	2370	Vxpjzxewrbfcjw	177	50	4490460	Atzbeo	Lithuania	LTU	Northern Europe	Europe
286	Yuri	Tiffany	4685900	Yuri_Tiffany@mail.ru	Assistant	2330	Xtcbvymbgkp	145	336	8394258	Ipvlmcqgwbishacob	Somalia	SOM	Eastern Africa	Africa
287	Roswald	Rosenblum	2848593	Roswald_Rosenblum@email.net	Accountant	3850	Gurqon	43	175	9528536	Xsdvbflrwdozx	Samoa	WSM	Polynesia	Oceania
288	Pablo	Bishop	6397703	Pablo_Bishop@yandex.ru	Assistant	2590	Zonanrlepe	136		7444829	Ngadwkguiii	Venezuela (Bolivarian Republic of)	VEN	South America	Latin America and the Caribbean
289	Terrence	Krishnan	3746167	Terrence_Krishnan@gmail.com	Assistant	2330	Ofampgkvcoaqope	7	261	6090999	Drpcdcuxlbrsresti	Bahamas	BHS	Caribbean	Latin America and the Caribbean
